name,type,data,command,depend,seed,path,time,size,bytes,format,repository,iteration,parent,children,seconds,warnings,error
abrainc_data,stem,NA,165d6953683a3dc6,2c530c1562a7fbd1,-2012302923,,2025-09-18T01:17:35Z,NA,0,rds,local,vector,NA,,0.131,NA,attempt to select less than one element in get1index
abecip_data,stem,80cefe2946676af9,56cc5a6cfd47b115,2c530c1562a7fbd1,223287328,,2025-09-18T01:17:35Z,s34613b,34613,rds,local,vector,NA,,5.168,NA,NA
secovi_data,stem,ce9a5cdbc7d99d47,ddbf3b8784ef8d96,2c530c1562a7fbd1,-1896769145,,2025-09-18T01:17:30Z,s33186b,33186,rds,local,vector,NA,,17.627,"Failed to import data for: launches_rmsp, sales_rmsp",NA
rppi_sale_data,stem,f8ec091be9e932d3,fe127548cf494e09,2c530c1562a7fbd1,-316251275,,2025-09-18T01:17:12Z,s193804b,193804,rds,local,vector,NA,,21.78,NA,NA
nre_ire_data,stem,6932d46b5f116971,139b11a1ded8c4c4,2c530c1562a7fbd1,-1169490141,,2025-09-18T01:16:42Z,s5884b,5884,rds,local,vector,NA,,0.189,NA,NA
validate_cache_integrity,function,ad9ce9552752d199,NA,NA,NA,,NA,NA,NA,NA,NA,NA,NA,,NA,NA,NA
should_update_dataset,function,31f7b09ca0c463ec,NA,NA,NA,,NA,NA,NA,NA,NA,NA,NA,,NA,NA,NA
%||%,function,f62f4a37aa64d033,NA,NA,NA,,NA,NA,NA,NA,NA,NA,NA,,NA,NA,NA
save_dataset_to_cache,function,21498fb3a9d6d994,NA,NA,NA,,NA,NA,NA,NA,NA,NA,NA,,NA,NA,NA
get_cache_summary,function,596bf2fda0ab343e,NA,NA,NA,,NA,NA,NA,NA,NA,NA,NA,,NA,NA,NA
